{"id":"","headers":{
 },"aliases":{
 },"metadata":{
 },"snapshots":[
  {"name":"elaborate","uuid":"b16692f7-1909-492a-87d7-f1a3aef08071","path":"elaborate","branch":"default","key":"b16692f7-1909-492a-87d7-f1a3aef08071","parent_key":"","metrics":[
    {"name":"design.area","value":"936.8540278125"},
    {"name":"design.area.always_on","value":"0"},
    {"name":"design.area.blackbox","value":"0"},
    {"name":"design.area.buffer","value":"0"},
    {"name":"design.area.combinatorial","value":"936.8540278125"},
    {"name":"design.area.icg","value":"0"},
    {"name":"design.area.inverter","value":"0"},
    {"name":"design.area.io","value":"0"},
    {"name":"design.area.iso_ls","value":"0"},
    {"name":"design.area.latch","value":"0"},
    {"name":"design.area.logical","value":"936.8540278125"},
    {"name":"design.area.macro","value":"0"},
    {"name":"design.area.physical","value":"0"},
    {"name":"design.area.power_switch","value":"0"},
    {"name":"design.area.register","value":"0"},
    {"name":"design.area.sequential","value":"0"},
    {"name":"design.area.std_cell","value":"936.8540278125"},
    {"name":"design.density","value":"0"},
    {"name":"design.instances","value":"435"},
    {"name":"design.instances.always_on","value":"0"},
    {"name":"design.instances.area_io","value":"0"},
    {"name":"design.instances.blackbox","value":"0"},
    {"name":"design.instances.buffer","value":"0"},
    {"name":"design.instances.combinatorial","value":"288"},
    {"name":"design.instances.icg","value":"0"},
    {"name":"design.instances.inverter","value":"99"},
    {"name":"design.instances.io","value":"0"},
    {"name":"design.instances.iso_ls","value":"0"},
    {"name":"design.instances.latch","value":"0"},
    {"name":"design.instances.logical","value":"435"},
    {"name":"design.instances.macro","value":"0"},
    {"name":"design.instances.physical","value":"0"},
    {"name":"design.instances.power_switch","value":"0"},
    {"name":"design.instances.register","value":"48"},
    {"name":"design.instances.sequential","value":"48"},
    {"name":"design.instances.std_cell","value":"435"},
    {"name":"design.multibit.avg_width","value":"1.00"},
    {"name":"design.multibit.count","value":"0"},
    {"name":"design.multibit.coverage","value":"0.00"},
    {"name":"design.name","value":"UART_TOP"},
    {"name":"design.nets.global","value":"0"},
    {"name":"design.nets.signal","value":"726"},
    {"name":"design.power_domains","value":""},
    {"name":"flow.cputime","value":"21"},
    {"name":"flow.cputime.not_child","value":"21"},
    {"name":"flow.cputime.total","value":"21"},
    {"name":"flow.cputime.user","value":"21"},
    {"name":"flow.cputime.user.not_child","value":"21"},
    {"name":"flow.cputime.user.total","value":"21"},
    {"name":"flow.machine.load","value":"4.88"},
    {"name":"flow.memory","value":"573 MB","inherited":true},
    {"name":"flow.memory.instant","value":"573 MB"},
    {"name":"flow.memory.resident","value":"573 MB","inherited":true},
    {"name":"flow.memory.resident.instant","value":"573 MB"},
    {"name":"flow.memory.resident.peak","value":"1092 MB","inherited":true},
    {"name":"flow.memory.resident.peak.instant","value":"1092 MB"},
    {"name":"flow.realtime","value":"19"},
    {"name":"flow.realtime.not_child","value":"19"},
    {"name":"flow.realtime.total","value":"19"},
    {"name":"metric.version","value":"1","inherited":true},
    {"name":"metric.version.instant","value":"1"},
    {"name":"name","value":"elaborate"},
    {"name":"timing.analysis_views.all","value":"PVT_0P63V_100C.setup_view PVT_0P77V_0C.hold_view"},
    {"name":"timing.analysis_views.all.number","value":"2"},
    {"name":"timing.setup.analysis_views.active","value":"PVT_0P63V_100C.setup_view"},
    {"name":"timing.setup.analysis_views.active.number","value":"1"},
    {"name":"timing.setup.analysis_views.enabled","value":"PVT_0P63V_100C.setup_view"},
    {"name":"timing.setup.analysis_views.enabled.number","value":"1"}
   ],"total_cpu":21,"total_cpu_user":21,"delta_cpu_not_child":21,"delta_cpu_user_not_child":21,"delta_cpu":21,"delta_cpu_user":21,"real_start":1745548303,"real_end":1745548322,"delta_real_not_child":19},
  {"name":"syn_gen","uuid":"4845282f-d2ce-49bc-8329-be1a5d130055","path":"syn_gen","branch":"default","key":"4845282f-d2ce-49bc-8329-be1a5d130055","parent_key":"","previous":[
    "b16692f7-1909-492a-87d7-f1a3aef08071"
   ],"metrics":[
    {"name":"design.area","value":"627.412431625"},
    {"name":"design.area.always_on","value":"0"},
    {"name":"design.area.blackbox","value":"0"},
    {"name":"design.area.buffer","value":"0"},
    {"name":"design.area.combinatorial","value":"627.412431625"},
    {"name":"design.area.icg","value":"0"},
    {"name":"design.area.inverter","value":"0"},
    {"name":"design.area.io","value":"0"},
    {"name":"design.area.iso_ls","value":"0"},
    {"name":"design.area.latch","value":"0"},
    {"name":"design.area.logical","value":"627.412431625"},
    {"name":"design.area.macro","value":"0"},
    {"name":"design.area.physical","value":"0"},
    {"name":"design.area.power_switch","value":"0"},
    {"name":"design.area.register","value":"0"},
    {"name":"design.area.sequential","value":"0"},
    {"name":"design.area.std_cell","value":"627.412431625"},
    {"name":"design.density","value":"0"},
    {"name":"design.instances","value":"340"},
    {"name":"design.instances.always_on","value":"0"},
    {"name":"design.instances.area_io","value":"0"},
    {"name":"design.instances.blackbox","value":"0"},
    {"name":"design.instances.buffer","value":"0"},
    {"name":"design.instances.combinatorial","value":"289"},
    {"name":"design.instances.icg","value":"0"},
    {"name":"design.instances.inverter","value":"3"},
    {"name":"design.instances.io","value":"0"},
    {"name":"design.instances.iso_ls","value":"0"},
    {"name":"design.instances.latch","value":"0"},
    {"name":"design.instances.logical","value":"340"},
    {"name":"design.instances.macro","value":"0"},
    {"name":"design.instances.physical","value":"0"},
    {"name":"design.instances.power_switch","value":"0"},
    {"name":"design.instances.register","value":"48"},
    {"name":"design.instances.sequential","value":"48"},
    {"name":"design.instances.std_cell","value":"340"},
    {"name":"design.multibit.avg_width","value":"1.00"},
    {"name":"design.multibit.count","value":"0"},
    {"name":"design.multibit.coverage","value":"0.00"},
    {"name":"design.name","value":"UART_TOP"},
    {"name":"design.nets.global","value":"0"},
    {"name":"design.nets.signal","value":"351"},
    {"name":"design.power_domains","value":""},
    {"name":"flow.cputime","value":"6"},
    {"name":"flow.cputime.not_child","value":"6"},
    {"name":"flow.cputime.total","value":"27"},
    {"name":"flow.cputime.user","value":"6"},
    {"name":"flow.cputime.user.not_child","value":"6"},
    {"name":"flow.cputime.user.total","value":"27"},
    {"name":"flow.machine.load","value":"5.21"},
    {"name":"flow.memory","value":"599 MB","inherited":true},
    {"name":"flow.memory.instant","value":"599 MB"},
    {"name":"flow.memory.resident","value":"599 MB","inherited":true},
    {"name":"flow.memory.resident.instant","value":"599 MB"},
    {"name":"flow.memory.resident.peak","value":"1092 MB","inherited":true},
    {"name":"flow.memory.resident.peak.instant","value":"1092 MB"},
    {"name":"flow.realtime","value":"7"},
    {"name":"flow.realtime.not_child","value":"7"},
    {"name":"flow.realtime.total","value":"26"},
    {"name":"metric.version","value":"1","inherited":true},
    {"name":"metric.version.instant","value":"1"},
    {"name":"name","value":"syn_gen"},
    {"name":"timing.analysis_views.all","value":"PVT_0P63V_100C.setup_view PVT_0P77V_0C.hold_view"},
    {"name":"timing.analysis_views.all.number","value":"2"},
    {"name":"timing.setup.analysis_views.active","value":"PVT_0P63V_100C.setup_view"},
    {"name":"timing.setup.analysis_views.active.number","value":"1"},
    {"name":"timing.setup.analysis_views.enabled","value":"PVT_0P63V_100C.setup_view"},
    {"name":"timing.setup.analysis_views.enabled.number","value":"1"}
   ],"total_cpu":27,"total_cpu_user":27,"delta_cpu_not_child":6,"delta_cpu_user_not_child":6,"delta_cpu":6,"delta_cpu_user":6,"real_start":1745548322,"real_end":1745548329,"delta_real_not_child":7},
  {"name":"syn_map","uuid":"ba0889bc-f26f-4337-8d6b-47ec861493a2","path":"syn_map","branch":"default","key":"ba0889bc-f26f-4337-8d6b-47ec861493a2","parent_key":"","previous":[
    "4845282f-d2ce-49bc-8329-be1a5d130055"
   ],"metrics":[
    {"name":"design.area","value":"444.63168"},
    {"name":"design.area.always_on","value":"0"},
    {"name":"design.area.blackbox","value":"0"},
    {"name":"design.area.buffer","value":"0"},
    {"name":"design.area.combinatorial","value":"162.82943999999975"},
    {"name":"design.area.icg","value":"0"},
    {"name":"design.area.inverter","value":"39.19104000000006"},
    {"name":"design.area.io","value":"0"},
    {"name":"design.area.iso_ls","value":"0"},
    {"name":"design.area.latch","value":"0"},
    {"name":"design.area.logical","value":"444.63168"},
    {"name":"design.area.macro","value":"0"},
    {"name":"design.area.physical","value":"0"},
    {"name":"design.area.power_switch","value":"0"},
    {"name":"design.area.register","value":"242.6112000000002"},
    {"name":"design.area.sequential","value":"242.6112000000002"},
    {"name":"design.area.std_cell","value":"444.63168"},
    {"name":"design.density","value":"0"},
    {"name":"design.instances","value":"235"},
    {"name":"design.instances.always_on","value":"0"},
    {"name":"design.instances.area_io","value":"0"},
    {"name":"design.instances.blackbox","value":"0"},
    {"name":"design.instances.buffer","value":"0"},
    {"name":"design.instances.combinatorial","value":"131"},
    {"name":"design.instances.icg","value":"0"},
    {"name":"design.instances.inverter","value":"56"},
    {"name":"design.instances.io","value":"0"},
    {"name":"design.instances.iso_ls","value":"0"},
    {"name":"design.instances.latch","value":"0"},
    {"name":"design.instances.logical","value":"235"},
    {"name":"design.instances.macro","value":"0"},
    {"name":"design.instances.physical","value":"0"},
    {"name":"design.instances.power_switch","value":"0"},
    {"name":"design.instances.register","value":"48"},
    {"name":"design.instances.sequential","value":"48"},
    {"name":"design.instances.std_cell","value":"235"},
    {"name":"design.multibit.avg_width","value":"1.00"},
    {"name":"design.multibit.count","value":"0"},
    {"name":"design.multibit.coverage","value":"0.00"},
    {"name":"design.name","value":"UART_TOP"},
    {"name":"design.nets.global","value":"0"},
    {"name":"design.nets.signal","value":"246"},
    {"name":"design.power_domains","value":""},
    {"name":"flow.cputime","value":"6"},
    {"name":"flow.cputime.not_child","value":"6"},
    {"name":"flow.cputime.total","value":"33"},
    {"name":"flow.cputime.user","value":"6"},
    {"name":"flow.cputime.user.not_child","value":"6"},
    {"name":"flow.cputime.user.total","value":"33"},
    {"name":"flow.machine.load","value":"5.2"},
    {"name":"flow.memory","value":"592 MB","inherited":true},
    {"name":"flow.memory.instant","value":"592 MB"},
    {"name":"flow.memory.resident","value":"592 MB","inherited":true},
    {"name":"flow.memory.resident.instant","value":"592 MB"},
    {"name":"flow.memory.resident.peak","value":"1092 MB","inherited":true},
    {"name":"flow.memory.resident.peak.instant","value":"1092 MB"},
    {"name":"flow.realtime","value":"5"},
    {"name":"flow.realtime.not_child","value":"5"},
    {"name":"flow.realtime.total","value":"31"},
    {"name":"metric.version","value":"1","inherited":true},
    {"name":"metric.version.instant","value":"1"},
    {"name":"name","value":"syn_map"},
    {"name":"timing.analysis_views.all","value":"PVT_0P63V_100C.setup_view PVT_0P77V_0C.hold_view"},
    {"name":"timing.analysis_views.all.number","value":"2"},
    {"name":"timing.setup.analysis_views.active","value":"PVT_0P63V_100C.setup_view"},
    {"name":"timing.setup.analysis_views.active.number","value":"1"},
    {"name":"timing.setup.analysis_views.enabled","value":"PVT_0P63V_100C.setup_view"},
    {"name":"timing.setup.analysis_views.enabled.number","value":"1"}
   ],"total_cpu":33,"total_cpu_user":33,"delta_cpu_not_child":6,"delta_cpu_user_not_child":6,"delta_cpu":6,"delta_cpu_user":6,"real_start":1745548329,"real_end":1745548334,"delta_real_not_child":5},
  {"name":"write_design","uuid":"20e5131e-0d05-463c-adb9-dc3b6b03a682","path":"write_design","branch":"default","key":"20e5131e-0d05-463c-adb9-dc3b6b03a682","parent_key":"","previous":[
    "ba0889bc-f26f-4337-8d6b-47ec861493a2"
   ],"metrics":[
    {"name":"design.area","value":"444.63168"},
    {"name":"design.area.always_on","value":"0"},
    {"name":"design.area.blackbox","value":"0"},
    {"name":"design.area.buffer","value":"0"},
    {"name":"design.area.combinatorial","value":"162.82943999999975"},
    {"name":"design.area.icg","value":"0"},
    {"name":"design.area.inverter","value":"39.19104000000006"},
    {"name":"design.area.io","value":"0"},
    {"name":"design.area.iso_ls","value":"0"},
    {"name":"design.area.latch","value":"0"},
    {"name":"design.area.logical","value":"444.63168"},
    {"name":"design.area.macro","value":"0"},
    {"name":"design.area.physical","value":"0"},
    {"name":"design.area.power_switch","value":"0"},
    {"name":"design.area.register","value":"242.6112000000002"},
    {"name":"design.area.sequential","value":"242.6112000000002"},
    {"name":"design.area.std_cell","value":"444.63168"},
    {"name":"design.density","value":"0"},
    {"name":"design.instances","value":"235"},
    {"name":"design.instances.always_on","value":"0"},
    {"name":"design.instances.area_io","value":"0"},
    {"name":"design.instances.blackbox","value":"0"},
    {"name":"design.instances.buffer","value":"0"},
    {"name":"design.instances.combinatorial","value":"131"},
    {"name":"design.instances.icg","value":"0"},
    {"name":"design.instances.inverter","value":"56"},
    {"name":"design.instances.io","value":"0"},
    {"name":"design.instances.iso_ls","value":"0"},
    {"name":"design.instances.latch","value":"0"},
    {"name":"design.instances.logical","value":"235"},
    {"name":"design.instances.macro","value":"0"},
    {"name":"design.instances.physical","value":"0"},
    {"name":"design.instances.power_switch","value":"0"},
    {"name":"design.instances.register","value":"48"},
    {"name":"design.instances.sequential","value":"48"},
    {"name":"design.instances.std_cell","value":"235"},
    {"name":"design.multibit.avg_width","value":"1.00"},
    {"name":"design.multibit.count","value":"0"},
    {"name":"design.multibit.coverage","value":"0.00"},
    {"name":"design.name","value":"UART_TOP"},
    {"name":"design.nets.global","value":"0"},
    {"name":"design.nets.signal","value":"246"},
    {"name":"design.power_domains","value":""},
    {"name":"flow.cputime","value":"0"},
    {"name":"flow.cputime.not_child","value":"0"},
    {"name":"flow.cputime.total","value":"33"},
    {"name":"flow.cputime.user","value":"0"},
    {"name":"flow.cputime.user.not_child","value":"0"},
    {"name":"flow.cputime.user.total","value":"33"},
    {"name":"flow.machine.load","value":"5.2"},
    {"name":"flow.memory","value":"602 MB","inherited":true},
    {"name":"flow.memory.instant","value":"602 MB"},
    {"name":"flow.memory.resident","value":"602 MB","inherited":true},
    {"name":"flow.memory.resident.instant","value":"602 MB"},
    {"name":"flow.memory.resident.peak","value":"1092 MB","inherited":true},
    {"name":"flow.memory.resident.peak.instant","value":"1092 MB"},
    {"name":"flow.realtime","value":"1"},
    {"name":"flow.realtime.not_child","value":"1"},
    {"name":"flow.realtime.total","value":"32"},
    {"name":"metric.version","value":"1","inherited":true},
    {"name":"metric.version.instant","value":"1"},
    {"name":"name","value":"write_design"},
    {"name":"timing.analysis_views.all","value":"PVT_0P63V_100C.setup_view PVT_0P77V_0C.hold_view"},
    {"name":"timing.analysis_views.all.number","value":"2"},
    {"name":"timing.setup.analysis_views.active","value":"PVT_0P63V_100C.setup_view"},
    {"name":"timing.setup.analysis_views.active.number","value":"1"},
    {"name":"timing.setup.analysis_views.enabled","value":"PVT_0P63V_100C.setup_view"},
    {"name":"timing.setup.analysis_views.enabled.number","value":"1"}
   ],"total_cpu":33,"total_cpu_user":33,"delta_cpu_not_child":0,"delta_cpu_user_not_child":0,"delta_cpu":0,"delta_cpu_user":0,"real_start":1745548334,"real_end":1745548335,"delta_real_not_child":1}
 ],"metrics":[
  {"name":"design.area","value":"444.63168","inherited":true},
  {"name":"design.area.always_on","value":"0","inherited":true},
  {"name":"design.area.blackbox","value":"0","inherited":true},
  {"name":"design.area.buffer","value":"0","inherited":true},
  {"name":"design.area.combinatorial","value":"162.82943999999975","inherited":true},
  {"name":"design.area.icg","value":"0","inherited":true},
  {"name":"design.area.inverter","value":"39.19104000000006","inherited":true},
  {"name":"design.area.io","value":"0","inherited":true},
  {"name":"design.area.iso_ls","value":"0","inherited":true},
  {"name":"design.area.latch","value":"0","inherited":true},
  {"name":"design.area.logical","value":"444.63168","inherited":true},
  {"name":"design.area.macro","value":"0","inherited":true},
  {"name":"design.area.physical","value":"0","inherited":true},
  {"name":"design.area.power_switch","value":"0","inherited":true},
  {"name":"design.area.register","value":"242.6112000000002","inherited":true},
  {"name":"design.area.sequential","value":"242.6112000000002","inherited":true},
  {"name":"design.area.std_cell","value":"444.63168","inherited":true},
  {"name":"design.density","value":"0","inherited":true},
  {"name":"design.instances","value":"235","inherited":true},
  {"name":"design.instances.always_on","value":"0","inherited":true},
  {"name":"design.instances.area_io","value":"0","inherited":true},
  {"name":"design.instances.blackbox","value":"0","inherited":true},
  {"name":"design.instances.buffer","value":"0","inherited":true},
  {"name":"design.instances.combinatorial","value":"131","inherited":true},
  {"name":"design.instances.icg","value":"0","inherited":true},
  {"name":"design.instances.inverter","value":"56","inherited":true},
  {"name":"design.instances.io","value":"0","inherited":true},
  {"name":"design.instances.iso_ls","value":"0","inherited":true},
  {"name":"design.instances.latch","value":"0","inherited":true},
  {"name":"design.instances.logical","value":"235","inherited":true},
  {"name":"design.instances.macro","value":"0","inherited":true},
  {"name":"design.instances.physical","value":"0","inherited":true},
  {"name":"design.instances.power_switch","value":"0","inherited":true},
  {"name":"design.instances.register","value":"48","inherited":true},
  {"name":"design.instances.sequential","value":"48","inherited":true},
  {"name":"design.instances.std_cell","value":"235","inherited":true},
  {"name":"design.multibit.avg_width","value":"1.00","inherited":true},
  {"name":"design.multibit.count","value":"0","inherited":true},
  {"name":"design.multibit.coverage","value":"0.00","inherited":true},
  {"name":"design.name","value":"UART_TOP","inherited":true},
  {"name":"design.nets.global","value":"0","inherited":true},
  {"name":"design.nets.signal","value":"246","inherited":true},
  {"name":"design.power_domains","value":"","inherited":true},
  {"name":"flow.cputime","value":"33"},
  {"name":"flow.cputime.not_child","value":"0"},
  {"name":"flow.cputime.total","value":"33"},
  {"name":"flow.cputime.user","value":"33"},
  {"name":"flow.cputime.user.not_child","value":"0"},
  {"name":"flow.cputime.user.total","value":"33"},
  {"name":"flow.last_child_snapshot","value":"write_design","inherited":true},
  {"name":"flow.machine.load","value":"5.2","inherited":true},
  {"name":"flow.memory","value":"602 MB","inherited":true},
  {"name":"flow.memory.resident","value":"602 MB","inherited":true},
  {"name":"flow.memory.resident.peak","value":"1092 MB","inherited":true},
  {"name":"flow.realtime","value":"32"},
  {"name":"flow.realtime.not_child","value":"0"},
  {"name":"flow.realtime.total","value":"32"},
  {"name":"metric.version","value":"1","inherited":true},
  {"name":"name","value":"write_design","inherited":true},
  {"name":"timing.analysis_views.all","value":"PVT_0P63V_100C.setup_view PVT_0P77V_0C.hold_view","inherited":true},
  {"name":"timing.analysis_views.all.number","value":"2","inherited":true},
  {"name":"timing.setup.analysis_views.active","value":"PVT_0P63V_100C.setup_view","inherited":true},
  {"name":"timing.setup.analysis_views.active.number","value":"1","inherited":true},
  {"name":"timing.setup.analysis_views.enabled","value":"PVT_0P63V_100C.setup_view","inherited":true},
  {"name":"timing.setup.analysis_views.enabled.number","value":"1","inherited":true}
 ],"metric_cfgs":[
  {"metric":"alerts","type":"alert","description":"Alerts about other metric values","dp":"0","cmp":"notEqualBad"},
  {"metric":"check.antenna.report_file","type":"file","description":"Location of the check process antenna report file","dp":"0"},
  {"metric":"check.drc","description":"Total check DRC count","dp":"0","cmp":"lessBetter"},
  {"metric":"check.drc.report_file","type":"file","description":"Location of the check DRC report file","dp":"0"},
  {"metric":"check.drc.type:<type>","description":"Check DRC count per type","dp":"0","cmp":"lessBetter"},
  {"metric":"correlation.1k","description":"Correlation factor for the top 1000 violating paths","dp":"1","cmp":"lessBetter"},
  {"metric":"correlation.wns","description":"Correlation factor for the WNS","dp":"2","cmp":"lessBetter"},
  {"metric":"design.area","units":"um^2","type":"area","description":"Total design area","dp":"0","cmp":"lessBetter"},
  {"metric":"design.area.always_on","units":"um^2","type":"area","description":"Total area of always on instances","dp":"0","cmp":"lessBetter"},
  {"metric":"design.area.area_io","units":"um^2","type":"area","description":"Total area of area_io instances","dp":"0","cmp":"lessBetter"},
  {"metric":"design.area.blackbox","units":"um^2","type":"area","description":"Total area of block instances","dp":"0","cmp":"lessBetter"},
  {"metric":"design.area.block","units":"um^2","type":"area","description":"Total area of block instances","dp":"0","cmp":"lessBetter"},
  {"metric":"design.area.block.<block>","units":"um^2","type":"area","description":"Design area per block","dp":"0","cmp":"lessBetter"},
  {"metric":"design.area.buffer","units":"um^2","type":"area","description":"Total area of buffer instances","dp":"0","cmp":"lessBetter"},
  {"metric":"design.area.combinatorial","units":"um^2","type":"area","description":"Total area of combinational standard cell logic","dp":"0","cmp":"lessBetter"},
  {"metric":"design.area.filler","units":"um^2","type":"area","description":"Total design area of filler isntances","dp":"0","cmp":"lessBetter"},
  {"metric":"design.area.hinst:<block>","units":"um^2","type":"area","description":"Design area per block","dp":"0","cmp":"lessBetter"},
  {"metric":"design.area.icg","units":"um^2","type":"area","description":"Total area of icg instances","dp":"0","cmp":"lessBetter"},
  {"metric":"design.area.inverter","units":"um^2","type":"area","description":"Total area of inverter","dp":"0","cmp":"lessBetter"},
  {"metric":"design.area.io","units":"um^2","type":"area","description":"Total area of io instances","dp":"0","cmp":"lessBetter"},
  {"metric":"design.area.iso_ls","units":"um^2","type":"area","description":"Total area of iso and level shifter instances","dp":"0","cmp":"lessBetter"},
  {"metric":"design.area.latch","units":"um^2","type":"area","description":"Total area of latch instances","dp":"0","cmp":"lessBetter"},
  {"metric":"design.area.logical","units":"um^2","type":"area","description":"Total area of logical","dp":"0","cmp":"lessBetter"},
  {"metric":"design.area.macro","units":"um^2","type":"area","description":"Total area of block instances","dp":"0","cmp":"lessBetter"},
  {"metric":"design.area.physical","units":"um^2","type":"area","description":"Total area of physical only instances","dp":"0","cmp":"lessBetter"},
  {"metric":"design.area.power_switch","units":"um^2","type":"area","description":"Total area of power switches instances","dp":"0","cmp":"lessBetter"},
  {"metric":"design.area.register","units":"um^2","type":"area","description":"Total area of register instances","dp":"0","cmp":"lessBetter"},
  {"metric":"design.area.sequential","units":"um^2","type":"area","description":"Total area of sequential instances","dp":"0","cmp":"lessBetter"},
  {"metric":"design.area.std_cell","units":"um^2","type":"area","description":"Total area of standard cell instances","dp":"0","cmp":"lessBetter"},
  {"metric":"design.area.vth:<group>","units":"um^2","type":"area","description":"Area of threshold voltage group","dp":"0","cmp":"lessBetter"},
  {"metric":"design.area.vth:<group>.ratio","units":"%","description":"Area ratio of threshold voltage group","dp":"1"},
  {"metric":"design.congestion.hotspot.max","description":"Maximum congestion hotspot size","dp":"2","cmp":"lessBetter"},
  {"metric":"design.congestion.hotspot.total","description":"Total size of all congestion hotspots","dp":"2","cmp":"lessBetter"},
  {"metric":"design.density","units":"%","type":"density","description":"Density w\/o filler cells","dp":"2","cmp":"lessBetter","threshold":"1 %"},
  {"metric":"design.density.peak","units":"%","type":"density","description":"Peak design density w\/o filler cells","dp":"2","cmp":"lessBetter"},
  {"metric":"design.floorplan.image","type":"imageplot","dp":"0"},
  {"metric":"design.instances","description":"Total number of instances","dp":"0","cmp":"lessBetter"},
  {"metric":"design.instances.always_on","description":"Total number of always on instances","dp":"0","cmp":"lessBetter"},
  {"metric":"design.instances.area_io","description":"Total number of Area IO instances","dp":"0","cmp":"lessBetter"},
  {"metric":"design.instances.blackbox","description":"Total number of blackbox instances","dp":"0","cmp":"lessBetter"},
  {"metric":"design.instances.block","description":"Total number of block instances","dp":"0","cmp":"lessBetter"},
  {"metric":"design.instances.block.<block>","description":"Number of instances per block","dp":"0","cmp":"lessBetter"},
  {"metric":"design.instances.buffer","description":"Total number of buffer instances","dp":"0","cmp":"lessBetter"},
  {"metric":"design.instances.combinatorial","description":"Total number of combinational standard cell logic instances","dp":"0","cmp":"lessBetter"},
  {"metric":"design.instances.filler","description":"Total number of filler instances","dp":"0","cmp":"lessBetter"},
  {"metric":"design.instances.hinst:<block>","description":"Number of instances per block","dp":"0","cmp":"lessBetter"},
  {"metric":"design.instances.icg","description":"Total number of clock gating instances","dp":"0","cmp":"lessBetter"},
  {"metric":"design.instances.inverter","description":"Total number of inverter instances","dp":"0","cmp":"lessBetter"},
  {"metric":"design.instances.io","description":"Total number of IO instances","dp":"0","cmp":"lessBetter"},
  {"metric":"design.instances.iso_ls","description":"Total number of iso and level shifter instances","dp":"0","cmp":"lessBetter"},
  {"metric":"design.instances.latch","description":"Total number of latch instances","dp":"0","cmp":"lessBetter"},
  {"metric":"design.instances.logical","description":"Total number of logical instances","dp":"0","cmp":"lessBetter"},
  {"metric":"design.instances.macro","description":"Total number of block instances","dp":"0","cmp":"lessBetter"},
  {"metric":"design.instances.physical","description":"Total number of physical instances","dp":"0","cmp":"lessBetter"},
  {"metric":"design.instances.power_switch","description":"Total number of power switches","dp":"0","cmp":"lessBetter"},
  {"metric":"design.instances.register","description":"Total number of sequential instances","dp":"0","cmp":"lessBetter"},
  {"metric":"design.instances.sequential","description":"Total number of sequential instances","dp":"0","cmp":"lessBetter"},
  {"metric":"design.instances.std_cell","description":"Total number of standard cell instances","dp":"0","cmp":"lessBetter"},
  {"metric":"design.instances.vth:<group>","description":"Instance count of threshold voltage group","dp":"0","cmp":"lessBetter"},
  {"metric":"design.instances.vth:<group>.ratio","units":"%","description":"Instance ratio of threshold voltage group","dp":"1"},
  {"metric":"design.multibit.avg_width","description":"Total bits \/ total flops","dp":"2","cmp":"moreBetter"},
  {"metric":"design.multibit.count","description":"Total number of multi-bit instances","dp":"0","cmp":"moreBetter"},
  {"metric":"design.multibit.coverage","units":"%","type":"density","description":"Total multi-bits \/ total bits","dp":"2","cmp":"moreBetter"},
  {"metric":"design.name","tcl":"\n  if {[llength [um::userscript::get_obj \"designs\"]] == 1} {\n    if {[um::userscript::get_obj \"current_design\"] ne \"\"} {\n      return [um::userscript::get_obj [um::userscript::get_obj \"current_design\"] .name]\n    }\n  }\n  return \"\"\n","type":"area","description":"Design name","dp":"0","tcl_interp":"common"},
  {"metric":"design.nets.avg_pin","description":"Average terms per net","dp":"1","cmp":"lessBetter"},
  {"metric":"design.nets.global","description":"Number of global nets","dp":"0","cmp":"lessBetter"},
  {"metric":"design.nets.missing_iso","description":"Number of nets crossing domains w\/o ISO","dp":"0","cmp":"lessBetter"},
  {"metric":"design.nets.signal","description":"Number of signal nets","dp":"0","cmp":"lessBetter"},
  {"metric":"design.power_domains","description":"List of power domains","dp":"0"},
  {"metric":"design.route.drc.image","type":"imageplot","dp":"0"},
  {"metric":"flow.cputime","units":"s","type":"time","description":"CPU time since the last snapshot","dp":"0","cmp":"lessBetter","threshold":"5 %"},
  {"metric":"flow.cputime.not_child","units":"s","type":"time","description":"CPU time taken since the last snapshot excluding child snapshots","dp":"0","cmp":"lessBetter"},
  {"metric":"flow.cputime.total","units":"s","type":"time","description":"Total CPU time","dp":"0","cmp":"lessBetter"},
  {"metric":"flow.cputime.user","units":"s","type":"time","description":"User CPU time since the last snapshot","dp":"0","cmp":"lessBetter"},
  {"metric":"flow.cputime.user.not_child","units":"s","type":"time","description":"User CPU time since the last snapshot excluding child snapshots","dp":"0","cmp":"lessBetter"},
  {"metric":"flow.cputime.user.total","units":"s","type":"time","description":"Total user CPU time","dp":"0","cmp":"lessBetter"},
  {"metric":"flow.db.post","description":"Database saved after finishing the step","dp":"0"},
  {"metric":"flow.db.starting","description":"Database loaded when starting the step","dp":"0"},
  {"metric":"flow.exclude_time_metric","type":"bool","description":"CPU and Wall time are excluded from parent snapshot","dp":"0","inheritance_enabled":false},
  {"metric":"flow.last_child_snapshot","description":"Name of the last child snapshot","dp":"0","inheritance_tcl":"\n  if {[llength $children_uuid] > 0} {\n    return [lindex [get_metric -id $db_id -uuid [lindex $children_uuid end] \"name\"] 1]\n  }\n  return \"\"\n","inherit_no_children":true,"tcl_interp":"common"},
  {"metric":"flow.log","tcl":"return [file normalize [um::userscript::get_obj \"log_file\"]]","type":"file","description":"log file","dp":"0","tcl_interp":"common"},
  {"metric":"flow.log.verbose","type":"file","description":"verbose log file","dp":"0"},
  {"metric":"flow.machine","tcl":" info hostname ","description":"Hostname","dp":"0","tcl_interp":"common"},
  {"metric":"flow.machine.cpu.frequency","units":"Ghz","description":"Cpu frequency","dp":"2"},
  {"metric":"flow.machine.cpu.model","description":"Cpu model name","dp":"0"},
  {"metric":"flow.machine.cpu.number","description":"Cpu model number","dp":"0"},
  {"metric":"flow.machine.hostname","tcl":"\n  set_metric -name flow.machine.os -value \"$::tcl_platform(os) $::tcl_platform(osVersion)\"\n  if {$::tcl_platform(os) != \"Linux\"} {return [info hostname]}\n  if {[file isfile \/proc\/cpuinfo]} { \n    set if [open \"\/proc\/cpuinfo\" r]\n    set cpus 0\n    while {![eof $if]} {\n      gets $if line\n      set metric [string trim [lindex [split $line :] 0]]\n      set full_value [lindex [split $line :] 1]\n      set value [lindex [string trim [lindex [split $line \":\"] 1]] 0]\n      set unit [lindex [string trim [lindex [split $line \":\"] 1]] 1]\n      switch -- \"$metric\" {\n        \"cpu MHz\"    { set_metric -name flow.machine.cpu.frequency -value \"$value Mhz\" }\n        \"cpu GHz\"    { set_metric -name flow.machine.cpu.frequency -value \"$value Ghz\" }\n        \"model name\" { set_metric -name flow.machine.cpu.model -value \"$full_value\" }\n      }\n      if {$metric == \"processor\"} {incr cpus}\n    }\n    close $if\n    set_metric -name flow.machine.cpu.number -value $cpus\n  }\n  set mem_id [open \"\/proc\/meminfo\" r]\n  while {![eof $mem_id]} {\n    gets $mem_id line\n    set metric [string trim [lindex [split $line :] 0]]\n    set value [lindex [string trim [lindex [split $line \":\"] 1]] 0]\n    set unit [lindex [string trim [lindex [split $line \":\"] 1]] 1]\n    switch -- \"$metric\" {\n      MemTotal  { set_metric -name flow.machine.memory.total -value \"$value $unit\" }\n      MemFree   { set_metric -name flow.machine.memory.free -value \"$value $unit\" }\n      SwapTotal { set_metric -name flow.machine.swap.total -value \"$value $unit\" }\n      SwapFree  { set_metric -name flow.machine.swap.free -value \"$value $unit\" }\n    }\n  }\n  close $mem_id\n  return [info hostname]\n","description":"Set the hostname and capture other machine related metrics","dp":"0","tcl_interp":"common"},
  {"metric":"flow.machine.load","description":"Host load average","dp":"2","cmp":"lessBetter"},
  {"metric":"flow.machine.memory.free","units":"GB","description":"Free host memory","dp":"0"},
  {"metric":"flow.machine.memory.total","units":"GB","description":"Total host memory","dp":"0"},
  {"metric":"flow.machine.os","description":"Host operating system","dp":"0"},
  {"metric":"flow.machine.swap.free","units":"GB","description":"Free host swap space","dp":"0"},
  {"metric":"flow.machine.swap.total","units":"GB","description":"Total host swap space","dp":"0"},
  {"metric":"flow.memory","units":"MB","type":"memory","description":"Current memory footprint","dp":"0","cmp":"lessBetter","threshold":"5 %","inheritance_tcl":"\n  set m [lindex [get_metric -id $db_id -uuid $self_uuid $metric.instant] 1]\n  # Use get_metric to normalize to MB and strip off units\n  foreach cu $children_uuid {set c [lindex [get_metric -id $db_id -uuid $cu $metric] 1]; if {$c > $m || $m == \"\"} {set m $c}}\n  if {$m == \"\"} {return \"\"}\n  return [list $m MB]\n","inherit_no_children":true,"tcl_interp":"common"},
  {"metric":"flow.memory.instant","units":"MB","type":"memory","description":"Current memory footprint","dp":"0","cmp":"lessBetter","inheritance_enabled":false},
  {"metric":"flow.memory.resident","units":"MB","type":"memory","description":"Current resident memory footprint","dp":"0","cmp":"lessBetter","inheritance_tcl":"\n  set m [lindex [get_metric -id $db_id -uuid $self_uuid $metric.instant] 1]\n  # Use get_metric to normalize to MB and strip off units\n  foreach cu $children_uuid {set c [lindex [get_metric -id $db_id -uuid $cu $metric] 1]; if {$c > $m || $m == \"\"} {set m $c}}\n  if {$m == \"\"} {return \"\"}\n  return [list $m MB]\n","inherit_no_children":true,"tcl_interp":"common"},
  {"metric":"flow.memory.resident.instant","units":"MB","type":"memory","description":"Current resident memory footprint","dp":"0","cmp":"lessBetter","inheritance_enabled":false},
  {"metric":"flow.memory.resident.peak","units":"MB","type":"memory","description":"Maximum resident memory footprint","dp":"0","cmp":"lessBetter","inheritance_tcl":"\n  set m [lindex [get_metric -id $db_id -uuid $self_uuid $metric.instant] 1]\n  # Use get_metric to normalize to MB and strip off units\n  foreach cu $children_uuid {set c [lindex [get_metric -id $db_id -uuid $cu $metric] 1]; if {$c > $m || $m == \"\"} {set m $c}}\n  if {$m == \"\"} {return \"\"}\n  return [list $m MB]\n","inherit_no_children":true,"tcl_interp":"common"},
  {"metric":"flow.memory.resident.peak.instant","units":"MB","type":"memory","description":"Maximum resident memory footprint","dp":"0","cmp":"lessBetter","inheritance_enabled":false},
  {"metric":"flow.realtime","units":"s","type":"time","description":"Real time since the last snapshot","dp":"0","cmp":"lessBetter","threshold":"5 %"},
  {"metric":"flow.realtime.not_child","units":"s","type":"time","description":"Real time since the last snapshot excluding child snapshots","dp":"0","cmp":"lessBetter"},
  {"metric":"flow.realtime.total","units":"s","type":"time","description":"Total real time","dp":"0","cmp":"lessBetter"},
  {"metric":"flow.root_config","type":"dict","description":"Non-default root config option values","dp":"0"},
  {"metric":"flow.run_directory","tcl":" return [pwd] ","type":"dir","description":"Current working directory","dp":"0","tcl_interp":"common"},
  {"metric":"flow.run_tag","tcl":" ; #owner: um team\n  if {[is_attribute -obj_type root flow_run_tag]} { \n    return [um::userscript::get_obj flow_run_tag]\n  }\n  return \"\" \n","description":"Flow run tag","dp":"0","tcl_interp":"common"},
  {"metric":"flow.step.tcl","type":"tcl","description":"Tcl that was executed for this step","dp":"0","inheritance_enabled":false},
  {"metric":"flow.template.feature_enabled","tcl":"\n  set ret {}\n  if {[is_attribute flow_template_feature_definition -obj_type root]} { \n    foreach {f s} [um::userscript::get_obj flow_template_feature_definition] { \n      if {$s eq {enabled}} { \n        lappend ret $f\n      }\n      if {($s eq {optional}) && [um::userscript::get_obj flow_feature_$f]} { \n        lappend ret $f\n      }\n    }\n  }\n  return $ret\n","description":"The flow template features that are currently enabled","dp":"0","tcl_interp":"common"},
  {"metric":"flow.template.type","tcl":"\n  if {[is_attribute flow_template_type -obj_type root]} { \n    return [um::userscript::get_obj flow_template_type]; \n  }\n  return {}\n","description":"The type of flow template","dp":"0","tcl_interp":"common"},
  {"metric":"flow.tool.name","tcl":" \n  return [um::userscript::get_obj program_name]\n","description":"Tool name","dp":"0","tcl_interp":"common"},
  {"metric":"flow.tool.name.short","tcl":"\n  return [um::userscript::get_obj program_short_name] \n","description":"Tool short name","dp":"0","tcl_interp":"common"},
  {"metric":"flow.tool.version","tcl":"\n  return [um::userscript::get_obj program_version]\n","description":"Tool version","dp":"0","tcl_interp":"common"},
  {"metric":"flow.tool_list","description":"List of tools used in flow","dp":"0","inheritance_tcl":"\n  set tool_list [list \"[lindex [get_metric -id $db_id -uuid $self_uuid flow.tool.name.short] 1]-[lindex [get_metric -id $db_id -uuid $self_uuid flow.tool.version] 1]\"]\n  if {$tool_list eq \"-\"} {set tool_list \"\"}\n  foreach c $children {set tool_list [concat $tool_list $c]}\n  return [lsort -unique $tool_list]\n","inherit_no_children":true,"tcl_interp":"common"},
  {"metric":"flow.user","tcl":" set env(USER) ","description":"User name","dp":"0","tcl_interp":"common"},
  {"metric":"messages","tcl":"\n  # check that the procs exist\n  if {[namespace eval ::flowkit {info commands generic.get_msg_since_last_call}] eq {}} {\n    return {}\n  } else {\n    # call the flowkit messages with out own var\n    return [::flowkit::generic.get_msg_since_last_call ::um::userscript::metric_last_message]\n  }\n","type":"messages","description":"messages","dp":"0","inheritance_tcl":"\n  # add the counts together of the similar messages\n  # format is: [list {count 1 id IMPDBTCL-247 ... }]\n  set parent_dict {}\n  foreach c $children {\n    foreach e $c {\n      if {$e ne {}} {\n        if {[dict exists $parent_dict [dict get $e \"id\"]]} {\n          dict set parent_dict [dict get $e \"id\"] \"count\"  [expr [dict get $parent_dict [dict get $e \"id\"] \"count\"]  + [dict get $e \"count\"]]\n        } else {\n          dict set parent_dict [dict get $e \"id\"] $e\n        }\n      }\n    }\n  }\n  return [dict values $parent_dict]  \n","tcl_interp":"common"},
  {"metric":"metric.version","type":"version","description":"version number of metrics","dp":"0","inheritance_tcl":"\n  set v [lindex [get_metric -id $db_id -uuid $self_uuid $metric.instant] 1]\n  foreach c $children {if {[lsearch -exact $v $c] == -1} {lappend v $c}}\n  if {$v == \"\"} {return \"1\"}\n  return $v\n","inherit_no_children":true,"tcl_interp":"common"},
  {"metric":"metric.version.instant","type":"version","description":"version number of metrics","dp":"0","inheritance_enabled":false},
  {"metric":"name","description":"Name of the snapshot","dp":"0"},
  {"metric":"pbs.map.budget_points","description":"Number of budget points between partitions","dp":"0","cmp":"lessBetter"},
  {"metric":"pbs.map.inst_stddev","description":"Standard deviation of inst counts per partition","dp":"0","cmp":"lessBetter"},
  {"metric":"pbs.map.pin_cuts","description":"Number of pin to pin cuts between partitions","dp":"0","cmp":"lessBetter"},
  {"metric":"power","units":"mW","description":"Total power","dp":"2","cmp":"lessBetter","threshold":"5 %"},
  {"metric":"power.block.<block>","units":"mW","description":"Total per block power","dp":"2","cmp":"lessBetter"},
  {"metric":"power.cg.activity_saving","units":"%","description":"Average gated flop activity saving","dp":"0","cmp":"moreBetter"},
  {"metric":"power.cg.activity_saving.hst","type":"histogram","description":"Flop activity saving","dp":"0"},
  {"metric":"power.cg.clock_gates","description":"Total number of ICGs","dp":"0","cmp":"lessBetter"},
  {"metric":"power.cg.clock_gates.genus","description":"Number of ICGs inserted by genus","dp":"0","cmp":"lessBetter"},
  {"metric":"power.cg.clock_gates.user","description":"Number of ICGs inserted by user","dp":"0","cmp":"lessBetter"},
  {"metric":"power.cg.gated_flops","description":"Total number of gated flops","dp":"0","cmp":"moreBetter"},
  {"metric":"power.cg.gated_flops.genus","description":"Number of gated flops inserted by genus","dp":"0","cmp":"moreBetter"},
  {"metric":"power.cg.gated_flops.pct","units":"%","description":"Percentace of flops that are gated","dp":"0","cmp":"moreBetter"},
  {"metric":"power.cg.gated_flops.user","description":"Number of gated flops inserted by user","dp":"0","cmp":"moreBetter"},
  {"metric":"power.cg.ungated_flops","description":"Total number of ungated flops","dp":"0","cmp":"lessBetter"},
  {"metric":"power.cg.ungated_flops.pct","units":"%","description":"Percentace of flops that are ungated","dp":"0","cmp":"lessBetter"},
  {"metric":"power.clock","units":"mW","description":"Total clock power","dp":"2","cmp":"lessBetter"},
  {"metric":"power.clock.total","units":"mW","description":"Total clock power","dp":"2","cmp":"lessBetter"},
  {"metric":"power.dynamic","units":"mW","description":"Total dynamic power","dp":"2","cmp":"lessBetter","threshold":"5 %"},
  {"metric":"power.dynamic.block","units":"mW","description":"Macro dynamic power","dp":"2","cmp":"lessBetter"},
  {"metric":"power.dynamic.block.<block>","units":"mW","description":"Total per block dynamic power","dp":"2","cmp":"lessBetter"},
  {"metric":"power.dynamic.combinatorial","units":"mW","description":"Combinatorial dynamic power","dp":"2","cmp":"lessBetter"},
  {"metric":"power.dynamic.hinst:<block>","units":"mW","description":"Total per block dynamic power","dp":"2","cmp":"lessBetter"},
  {"metric":"power.dynamic.io","units":"mW","description":"IO dynamic power","dp":"2","cmp":"lessBetter"},
  {"metric":"power.dynamic.macro","units":"mW","description":"Macro dynamic power","dp":"2","cmp":"lessBetter"},
  {"metric":"power.dynamic.sequential","units":"mW","description":"Sequential dynamic power","dp":"2","cmp":"lessBetter"},
  {"metric":"power.dynamic.total","units":"mW","description":"Total dynamic power","dp":"2","cmp":"lessBetter"},
  {"metric":"power.dynamic.type:<combinatorial|clock_combinatorial|io|clock_sequential|sequential>","units":"mW","description":"Per type dynamic power","dp":"2","cmp":"lessBetter"},
  {"metric":"power.hinst:<block>","units":"mW","description":"Total per block power","dp":"2","cmp":"lessBetter"},
  {"metric":"power.internal","units":"mW","description":"Total internal power","dp":"2","cmp":"lessBetter","threshold":"5 %"},
  {"metric":"power.internal.block","units":"mW","description":"Internal Macro power","dp":"2","cmp":"lessBetter"},
  {"metric":"power.internal.block.<block>","units":"mW","description":"Total per block internal power","dp":"2","cmp":"lessBetter"},
  {"metric":"power.internal.clock_combinatorial","units":"mW","description":"Internal combinatorial clock power","dp":"2","cmp":"lessBetter"},
  {"metric":"power.internal.clock_sequential","units":"mW","description":"Internal sequential clock power","dp":"2","cmp":"lessBetter"},
  {"metric":"power.internal.combinatorial","units":"mW","description":"Internal combinatorial power","dp":"2","cmp":"lessBetter"},
  {"metric":"power.internal.hinst:<block>","units":"mW","description":"Total per block internal power","dp":"2","cmp":"lessBetter"},
  {"metric":"power.internal.io","units":"mW","description":"Internal IO power","dp":"2","cmp":"lessBetter"},
  {"metric":"power.internal.macro","units":"mW","description":"Internal Macro power","dp":"2","cmp":"lessBetter"},
  {"metric":"power.internal.sequential","units":"mW","description":"Internal sequential power","dp":"2","cmp":"lessBetter"},
  {"metric":"power.internal.total","units":"mW","description":"Total internal power","dp":"2","cmp":"lessBetter"},
  {"metric":"power.internal.type:<combinatorial|clock_combinatorial|io|clock_sequential|sequential>","units":"mW","description":"Per type internal power","dp":"2","cmp":"lessBetter"},
  {"metric":"power.leakage","units":"mW","description":"Total leakage power","dp":"2","cmp":"lessBetter","threshold":"5 %"},
  {"metric":"power.leakage.block","units":"mW","description":"Macro leakage power","dp":"2","cmp":"lessBetter"},
  {"metric":"power.leakage.block.<block>","units":"mW","description":"Total per block leakage power","dp":"2","cmp":"lessBetter"},
  {"metric":"power.leakage.clock_combinatorial","units":"mW","description":"Combinatorial clock leakage power","dp":"2","cmp":"lessBetter"},
  {"metric":"power.leakage.clock_sequential","units":"mW","description":"Sequential clock leakage power","dp":"2","cmp":"lessBetter"},
  {"metric":"power.leakage.combinatorial","units":"mW","description":"Combinatorial leakage power","dp":"2","cmp":"lessBetter"},
  {"metric":"power.leakage.hinst:<block>","units":"mW","description":"Total per block leakage power","dp":"2","cmp":"lessBetter"},
  {"metric":"power.leakage.io","units":"mW","description":"IO leakage power","dp":"2","cmp":"lessBetter"},
  {"metric":"power.leakage.macro","units":"mW","description":"Macro leakage power","dp":"2","cmp":"lessBetter"},
  {"metric":"power.leakage.sequential","units":"mW","description":"Sequential leakage power","dp":"2","cmp":"lessBetter"},
  {"metric":"power.leakage.total","units":"mW","description":"Total leakage power","dp":"2","cmp":"lessBetter"},
  {"metric":"power.leakage.type:<combinatorial|clock_combinatorial|io|clock_sequential|sequential>","units":"mW","description":"Per type leakage power","dp":"2","cmp":"lessBetter"},
  {"metric":"power.switching","units":"mW","description":"Total switching power","dp":"2","cmp":"lessBetter","threshold":"5 %"},
  {"metric":"power.switching.block","units":"mW","description":"Macro switching power","dp":"2","cmp":"lessBetter"},
  {"metric":"power.switching.block.<block>","units":"mW","description":"Total per block switching power","dp":"2","cmp":"lessBetter"},
  {"metric":"power.switching.clock_combinatorial","units":"mW","description":"Combinatorial clock switching power","dp":"2","cmp":"lessBetter"},
  {"metric":"power.switching.clock_sequential","units":"mW","description":"Sequential clock switching power","dp":"2","cmp":"lessBetter"},
  {"metric":"power.switching.combinatorial","units":"mW","description":"Combinatorial switching power","dp":"2","cmp":"lessBetter"},
  {"metric":"power.switching.hinst:<block>","units":"mW","description":"Total per block switching power","dp":"2","cmp":"lessBetter"},
  {"metric":"power.switching.io","units":"mW","description":"IO switching power","dp":"2","cmp":"lessBetter"},
  {"metric":"power.switching.macro","units":"mW","description":"Macro switching power","dp":"2","cmp":"lessBetter"},
  {"metric":"power.switching.sequential","units":"mW","description":"Sequential switching power","dp":"2","cmp":"lessBetter"},
  {"metric":"power.switching.total","units":"mW","description":"Total switching power","dp":"2","cmp":"lessBetter"},
  {"metric":"power.switching.type:<combinatorial|clock_combinatorial|io|clock_sequential|sequential>","units":"mW","description":"Per type switching power","dp":"2","cmp":"lessBetter"},
  {"metric":"power.total","units":"mW","description":"Total power","dp":"2","cmp":"lessBetter"},
  {"metric":"power.view","description":"Power analysis view","dp":"0"},
  {"metric":"route.drc","description":"Total DRC count","dp":"0","cmp":"lessBetter"},
  {"metric":"route.drc.<layer>","description":"DRC count per layer","dp":"0","cmp":"lessBetter"},
  {"metric":"route.drc.<type>","description":"DRC count per type","dp":"0","cmp":"lessBetter"},
  {"metric":"route.drc.layer:<layer>","description":"DRC count per layer","dp":"0","cmp":"lessBetter"},
  {"metric":"route.drc.layer:<layer>.type:<type>","description":"DRC count per layer and per type","dp":"0","cmp":"lessBetter"},
  {"metric":"route.drc.total","description":"Total DRC count","dp":"0","cmp":"lessBetter"},
  {"metric":"route.drc.type:<type>","description":"DRC count per type","dp":"0","cmp":"lessBetter"},
  {"metric":"route.layers","description":"Number of routing layers","dp":"0"},
  {"metric":"route.overcon","description":"Total GR overcon","dp":"0","cmp":"lessBetter"},
  {"metric":"route.overcon.<layer>","description":"GR overcon per layer","dp":"0","cmp":"lessBetter"},
  {"metric":"route.overcon.layer:<layer>","units":"%","description":"GR overcon per layer","dp":"3","cmp":"lessBetter"},
  {"metric":"route.overcon.total","description":"Total GR overcon","dp":"0","cmp":"lessBetter"},
  {"metric":"route.overflow","units":"%","description":"Total early global route overflow","dp":"3","cmp":"lessBetter"},
  {"metric":"route.overflow.horizontal","units":"%","description":"Early global route horizontal overflow","dp":"3","cmp":"lessBetter"},
  {"metric":"route.overflow.layer:<layer>","units":"%","description":"Early global route overflow per layer","dp":"3","cmp":"lessBetter"},
  {"metric":"route.overflow.vertical","units":"%","description":"Early global route vertical overflow","dp":"3","cmp":"lessBetter"},
  {"metric":"route.pitch.<layer>","units":"um","description":"Routing pitch per layer","dp":"3"},
  {"metric":"route.pitch.layer:<layer>","units":"um","description":"Routing pitch per layer","dp":"3"},
  {"metric":"route.shielding.nets","description":"Number of shielded nets","dp":"0"},
  {"metric":"route.shielding.percentage","description":"Shielding percentage","dp":"0"},
  {"metric":"route.via","description":"Total number of vias","dp":"0","cmp":"lessBetter"},
  {"metric":"route.via.layer:<layer>","description":"Total number of vias per layer","dp":"0","cmp":"lessBetter"},
  {"metric":"route.via.multicut","description":"Total number of MC vias","dp":"0","cmp":"lessBetter"},
  {"metric":"route.via.multicut.<layer>","description":"Number of MC vias per layer","dp":"0","cmp":"lessBetter"},
  {"metric":"route.via.multicut.layer:<layer>","description":"Number of MC vias per layer","dp":"0","cmp":"lessBetter"},
  {"metric":"route.via.multicut.percentage","description":"Percentage of MC vias","dp":"0","cmp":"lessBetter"},
  {"metric":"route.via.multicut.total","description":"Total number of MC vias","dp":"0","cmp":"lessBetter"},
  {"metric":"route.via.singlecut","description":"Total number of SC vias","dp":"0","cmp":"lessBetter"},
  {"metric":"route.via.singlecut.<layer>","description":"Number of SC vias per layer","dp":"0","cmp":"lessBetter"},
  {"metric":"route.via.singlecut.layer:<layer>","description":"Number of SC vias per layer","dp":"0","cmp":"lessBetter"},
  {"metric":"route.via.singlecut.percentage","description":"Percentage of SC vias","dp":"0"},
  {"metric":"route.via.singlecut.total","description":"Total number of SC vias","dp":"0","cmp":"lessBetter"},
  {"metric":"route.via.total","description":"Total number of vias","dp":"0","cmp":"lessBetter"},
  {"metric":"route.via.total.<layer>","description":"Total number of vias per layer","dp":"0","cmp":"lessBetter"},
  {"metric":"route.width.<layer>","units":"um","description":"Routing width per layer","dp":"3"},
  {"metric":"route.width.layer:<layer>","units":"um","description":"Routing width per layer","dp":"3"},
  {"metric":"route.wirelength","units":"um","description":"Total wirelength","dp":"0","cmp":"lessBetter"},
  {"metric":"route.wirelength.<layer>","units":"um","description":"Wirelength per layer","dp":"0","cmp":"lessBetter"},
  {"metric":"route.wirelength.layer:<layer>","units":"um","description":"Wirelength per layer","dp":"0","cmp":"lessBetter"},
  {"metric":"route.wirelength.total","units":"um","description":"Total wirelength","dp":"0","cmp":"lessBetter"},
  {"metric":"timing.analysis_views.all","description":"All views of setup\/hold timing","dp":"0"},
  {"metric":"timing.analysis_views.all.number","description":"The number of all views of setup\/hold timing","dp":"0"},
  {"metric":"timing.drv.max_cap","units":"pF","description":"Total max capacitance violation","dp":"0","cmp":"lessBetter"},
  {"metric":"timing.drv.max_cap.total","units":"pF","description":"Total max capacitance violation","dp":"0","cmp":"lessBetter"},
  {"metric":"timing.drv.max_cap.worst","units":"pF","description":"Worst max capacitance violation","dp":"3","cmp":"lessBetter"},
  {"metric":"timing.drv.max_fanout","description":"Total max fanout violations","dp":"0","cmp":"lessBetter"},
  {"metric":"timing.drv.max_fanout.total","description":"Total max fanout violations","dp":"0","cmp":"lessBetter"},
  {"metric":"timing.drv.max_fanout.worst","description":"Worst max fanout violation","dp":"0","cmp":"lessBetter"},
  {"metric":"timing.drv.max_length","description":"Total max length violations","dp":"0","cmp":"lessBetter"},
  {"metric":"timing.drv.max_length.total","description":"Total max length violations","dp":"0","cmp":"lessBetter"},
  {"metric":"timing.drv.max_length.worst","units":"um","description":"Worst max length violation","dp":"3","cmp":"lessBetter"},
  {"metric":"timing.drv.max_tran","units":"ns","description":"Total max transition violations","dp":"0","cmp":"lessBetter"},
  {"metric":"timing.drv.max_tran.total","units":"ns","description":"Total max transition violations","dp":"0","cmp":"lessBetter"},
  {"metric":"timing.drv.max_tran.worst","units":"ns","description":"Worst max transition violation","dp":"3","cmp":"lessBetter"},
  {"metric":"timing.drv.report_file","description":"Location of the timing DRV report file","dp":"0"},
  {"metric":"timing.hold.analysis_views","description":"All hold analysis views","dp":"0"},
  {"metric":"timing.hold.analysis_views.active","description":"All active views of hold timing","dp":"0"},
  {"metric":"timing.hold.analysis_views.active.number","description":"The number of all active views of hold timing","dp":"0"},
  {"metric":"timing.hold.analysis_views.enabled","description":"All enabled views of hold timing","dp":"0"},
  {"metric":"timing.hold.analysis_views.enabled.number","description":"The number of all enabled views of hold timing","dp":"0"},
  {"metric":"timing.hold.analysis_views.number","description":"The number of all hold analysis views","dp":"0"},
  {"metric":"timing.hold.worst_path.capture_clock","description":"Capture clock of the worst hold path","dp":"0"},
  {"metric":"timing.hold.worst_path.frequency","units":"GHz","description":"Frequency: 1\/(capture period-slack) of the worst hold path","dp":"0","cmp":"moreBetter"},
  {"metric":"timing.hold.worst_path.launch_clock","description":"Launch clock of the worst hold path","dp":"0"},
  {"metric":"timing.hold.worst_path.view","description":"Analysis view of the worst hold path","dp":"0"},
  {"metric":"timing.setup.analysis_views","description":"All setup analysis views","dp":"0"},
  {"metric":"timing.setup.analysis_views.active","description":"All active views of setup timing","dp":"0"},
  {"metric":"timing.setup.analysis_views.active.number","description":"The number of all active views of setup timing","dp":"0"},
  {"metric":"timing.setup.analysis_views.enabled","description":"All enabled views of setup timing","dp":"0"},
  {"metric":"timing.setup.analysis_views.enabled.number","description":"The number of all enabled views of setup timing","dp":"0"},
  {"metric":"timing.setup.analysis_views.number","description":"The number of all setup analysis views","dp":"0"},
  {"metric":"timing.setup.feps","description":"Total number of setup failing end points","dp":"0","cmp":"lessBetter","threshold":"100"},
  {"metric":"timing.setup.feps.<pathgroup>","description":"Total number of setup failing end points for a specific path group","dp":"0","cmp":"lessBetter"},
  {"metric":"timing.setup.feps.analysis_view:<view>","description":"Total number of setup failing end points for a specific view","dp":"0","cmp":"lessBetter","threshold":"100"},
  {"metric":"timing.setup.feps.analysis_view:<view>.path_group:<group>","description":"Total number of setup failing end points for a specific view and path group","dp":"0","cmp":"lessBetter","threshold":"100"},
  {"metric":"timing.setup.feps.path_group:<group>","description":"Total number of setup failing end points for a specific path group","dp":"0","cmp":"lessBetter","threshold":"100"},
  {"metric":"timing.setup.histogram","type":"histogram","description":"Setup TNS histogram","dp":"0"},
  {"metric":"timing.setup.paths","units":"ns","type":"timing_data","description":"Setup timing path details","dp":"0"},
  {"metric":"timing.setup.tns","units":"ns","type":"slack","description":"Total negative setup slack (all path groups)","dp":"0","cmp":"moreBetter","threshold":"100 ns"},
  {"metric":"timing.setup.tns.<pathgroup>","units":"ns","type":"slack","description":"Total negative setup slack for a specific path group","dp":"0","cmp":"moreBetter"},
  {"metric":"timing.setup.tns.analysis_view:<view>","units":"ns","type":"slack","description":"Total negative setup slack for a specific view","dp":"0","cmp":"moreBetter","threshold":"100 ns"},
  {"metric":"timing.setup.tns.analysis_view:<view>.path_group:<group>","units":"ns","type":"slack","description":"Total negative setup slack for a specific view and path group","dp":"0","cmp":"moreBetter"},
  {"metric":"timing.setup.tns.path_group:<group>","units":"ns","type":"slack","description":"Total negative setup slack for a specific path group","dp":"0","cmp":"moreBetter","threshold":"100 ns"},
  {"metric":"timing.setup.type","description":"Analysis type (GBA or PBA)","dp":"0"},
  {"metric":"timing.setup.wns","units":"ns","type":"slack","description":"Worst negative setup slack (all path groups)","dp":"3","cmp":"moreBetterBelowTarget","threshold":"50 ps","target":"0"},
  {"metric":"timing.setup.wns.<pathgroup>","units":"ns","type":"slack","description":"Worst negative setup slack for a specific path group","dp":"3","cmp":"moreBetterBelowTarget","target":"0"},
  {"metric":"timing.setup.wns.analysis_view:<view>","units":"ns","type":"slack","description":"Worst negative setup slack for a specific view","dp":"3","cmp":"moreBetterBelowTarget","threshold":"50 ps","target":"0"},
  {"metric":"timing.setup.wns.analysis_view:<view>.path_group:<group>","units":"ns","type":"slack","description":"Worst negative setup slack for a specific view and path group","dp":"3","cmp":"moreBetterBelowTarget","threshold":"50 ps","target":"0"},
  {"metric":"timing.setup.wns.path_group:<group>","units":"ns","type":"slack","description":"Worst negative setup slack for a specific path group","dp":"3","cmp":"moreBetterBelowTarget","threshold":"50 ps","target":"0"},
  {"metric":"timing.setup.worst_path.capture_clock","description":"Capture clock of the worst setup path","dp":"0"},
  {"metric":"timing.setup.worst_path.frequency","units":"GHz","description":"Frequency: 1\/(capture period-slack) of the worst setup path","dp":"0","cmp":"moreBetter"},
  {"metric":"timing.setup.worst_path.launch_clock","description":"Launch clock of the worst setup path","dp":"0"},
  {"metric":"timing.setup.worst_path.view","description":"Analysis view of the worst setup path","dp":"0"},
  {"metric":"timing.si.glitches","description":"Number of SI glitches","dp":"0","cmp":"lessBetter"},
  {"metric":"timing.si.noise","units":"ns","description":"Amount of noise delay remaining","dp":"3","cmp":"lessBetter"}
 ],"total_cpu":33,"total_cpu_user":33,"total_real":32}